<?xml version="1.0" encoding="UTF-8"?>
<rss version="2.0" xmlns:ror="http://rorweb.com/0.1/" >
<channel>
  <title>ROR Sitemap for https://1win-casino-1.github.io/1wingiris/</title>
  <link>https://1win-casino-1.github.io/1wingiris/</link>

<item>
     <link>https://1win-casino-1.github.io/1wingiris/</link>
     <title>1Win Giriş| Türkiye | 1Win casino ve bahis | Resmi Site</title>
     <description>1win Giriş yeni adresi 2025⭐️1win Güncel Adresi🚀Türkiye&amp;#039;nin en iyi bahis ve casino sitelerinden biri! Hemen 1win Giriş yap, bahis ve casino oyuna</description>
     <ror:updatePeriod></ror:updatePeriod>
     <ror:sortOrder>0</ror:sortOrder>
     <ror:resourceOf>sitemap</ror:resourceOf>
</item>
</channel>
</rss>
  